Question,Option A,Option B,Option C,Option D,Answer,Explanation

# 1. A capacitor in an RC circuit with R=2 ohm and C-4 F is being charged. The time besen required for the capacitor voltage to reach 63.2 percent of its steady-state value is:,4s,8s,1/2 s,None of these,b,
# 2. How many  valid hosts are available for the network segment 192.166.2.16/28?,16,",8",15,14,d,
# 3. the ouput of the segment :,"Mazda, Ford",Ford BMW,MazdaFord,,c,
# 4. Which circuit can be used as a parallel to the serial converter?,A decoder,An encoder,De-multiplexer,Multiplexer,d 	,
"# 5. func3 (6)-func2 (4,5)/func1 (1,2,3);",func10);,func2();,func3();,Cannot be predicted,d,
# 6. An organization is granted block 130.34.12.64 / 26. Find the number of addresses for the whole network.,128,32,256,None,d ,
# 7. Difference between Latch and Flip-flop is:,Flip-flop has a clock but Latch doesn't have,Flip-flop is edge-triggered but ==L==atch is ==L==evel triggered,Both are true,None are true,c ,
# 18. Which of the following sequence that a microprocessor follows?,"Fetch, decode, execute","Fetch, execute, decode","Decode, fetch, execute","Execute, decode, fetch",a ,
# 9. If the message bit is 111 then the Even-parity bit will be:  #os/parity,1111,1,0,None,b ,
# 10. What is the content of Stack Pointer (SP)?  #os/stack_pointer,Address of the current instruction,Address of the next instruction,Address of the top element of the stack,Size of the stack..,c,
# 11. An address in the main memory is called  #os/memory,Physical address,Logical address,Memory address,Word address,a ,
# 12. Which of the following format is usually used to store data? #os,Decimal,BCD,Octal,Hexadecimal,b ,
"# 13. If in an RLC series circuit source voltage 100sinot V, Resistance 10 Ohm, inductive reactance 10 ohm and capacitive reactance 10 ohm then current in the circuit will be:  #eee",10 A,3.33 A,3.33sinot A,10 sinot A,a,
# 14. A number of operations processes per second by a processor is called-,Instruction processor,Bandwidth,Clock Speed,Frequency,c,
"# 15. The voltage induced in an inductor is represented as,  #eee",product of its inductance and current through it,ratio of its inductance to the current through it.,ratio of current through it to its inductance.,product of its inductance and rate of change of current through it.,d ,
# 16. What will be the output of the following C code?,10,Compile-time error,Undefined behavior,11,b,
"# 17.  +------+  is a group of networks and routers under the authority of a single administration,",An autonomous system,An Area,A System,Both an autonomous system and an area,a ,
# 18. Bridges are used at,Physical layer,MAC layer  (Media Access Control)  [[TCP layer#**2. Data Link Layer**|more ...]],Network layer,Transport layer,b ,
# 19. DMA stands for?,Direct Memory Access,Direction Memory Access (d) Direct Memory Accumulator,Dictate Memory Accumulator,,a ,
"# 20. A D flip-flop is having three inputs `D, CLK and CLR` Which input is asynchronous:  #flip_flop",D  (data Input) [[Flip Flop]],CLK,CLR,None,c ,
# 21. Superposition principle states that at a time  ------ source(S) acts.,all the given sources,only voltage sources,only one source,only current sources,c ,
# 22. At frequencies the parallel R-L circuit behaves as purely resistive.,low very,low,high,,d,
# 23. Which of the following is the correct syntax to pass a Function Pointer as an,"void pass(int (*fptr)(int, float, char)){} (b) void pass(*fptr(int, float, char)){}",,void pass(int (*fptr)){},void pass(*fptr) {},a,
# 24. What will be the output of the following C code?,Output: The product of three numbers is: 24 (c) Output: The product of three numbers is: 6 Note: The product of three numbers is: 38141184,The code is incorrect,,,Note,
"# 25. An electrical series circuit consists of a 100V battery, 20-Ohm resistance and a 5μF capacitance. The voltage drop across 20-Ohm resistance is: #eee",5V,4V,OV,100V,c,
# 26. The maximum addressing capacity of a microprocessor that uses 16-bit database & 32-bit address base is: #mp,64 K.,-1.1,Both 64 K and 4 GB,None of these,b ,
# 28. Imaginary part of Admittance of an AC circuit is: #eee,Resistance,Conductance,Reactance (d) Susceptance,Implementation defined,d ,
# 29. What will be the output of the following pseudocode?,15,7,0,2,,
"# 30. Generally, Dynamic RAM is used as main memory in a computer system as it: #cse",Consumes less power,Has higher speed,Has lower cell density,Needs refreshing circuitry,b ,
# 31. 2's complement of 00000000 is: #cse,11111111,10000000,00000000,00000001,Note,
# 32. Which of the following is NOT passive elements? #untagged,Resistor,Bulb,Op-Amp,Electric Iron,,
# 33. How to convert a JK Flip flip to T Flip-flop? [[Flip Flop]],by adding an NOT Gate 700,by adding an AND Gate/(6) 29**,by adding an X-OR Gate paqes,No extra gate is required,d,
# 34. If object is passed by value -------,Copy constructor is used to copy the values into temporary object,Copy constructor is used to copy the values into another object in the function,Reference to the object is used to access the values of the object,Reference to the object is used to created new object in its place,b ,
# 35. Suppose you have many 4×1 MUXes. You need a 16×1 MUX. How many 4×1 MUX you are required to build a 16×1 MUX:  #multiplexer,3,4,5,6,c,
"# 36. Consider an array of float. Calculate the difference between the address of the 1st and 4th element, assuming float occupies 4 bytes of memory.",12,4,16,8,a,
# 37. In a Johnson counter: #flip_flop,the output of the first flip-flop is connected to the input of the last flip-flop,the output of the last flip-flop is connected to the input of the first flip-flop,the inverted output of the last flip-flop is connected to the input of the first flip-flop,None,c ,
# 38. IP Address of a network is 192.120.105.0. What will be the maximum subnet number fulfilling the condition that each subnet can accommodate at max 14 hosts-  #networking/ip_addr,20,32,16,8,c,
"# 39. You are working with three networks that that have the network IDs zaal 192.168.5.0,192.168.6.0 and 192.168.7.0. What subnet mask can you use to combine anal these addresses into one? #networking/ip_addr",255.255.252.0,255.255.254.0,255.155.240.0,255.255.255.252100,a ,
"# 40. In an IP packet, what is the maximum size of an IP header? #networking/ip_addr",20B,4B,14B,60B,d,
"# 41. If we apply 0001 to a to the input of a seven-segment decoder then what will be the outputs,",0110000 for a seven-segment display with common-cathode,1001111 for a seven-segment display with common-anode,Both A and B are true,None are true,c ,
# 42. Which one is an example of routed protocol? #networking,IP,RIP,IGRP,OSPF,a ,
"# 43. If IP address of a device is 172.192.20.10/20, then what will be the network address in which the device belongs?   #networking",172.192.0.0,172.192.16.10,172.192.20.0,172.192.16.0,d,
"# 44. The term ""%i' is used for #cse",char,int,none of the above,float,b ,
# 45. What remains always local on the LAN and never goes through a router? #networking,MAC address,IP Address,Logical Address,None of the above,a,
"# 46. If class C inherits class B. And B has inherited class A. Then while creating the object of class C, what will be the sequence of constructors getting called? #cse","Constructor of C then B, finally of A","Constructor of A then C, finally of B","Constructor of A then B, finally C","Constructor of C then A, finally B",c ,
# 47. An electrical Y network consists of each arm's 1-ohm resistor. The equivalent Delta network will have each arm with: #eee,3 Ohm,1/3 Ohm,4 Ohm,1 Ohm,d,
"# 48. A Program Counter contains the number 825 and addresses part of the instruction contains the number 24. The effective address in the relative address mode, when an instruction is read from the memory is:",849,850,801,802,b,
# 49. What will be the output of the following C code? #cse/code,5 5 5,5 5 junk value,7 7 7,Compile-time error,c,
# 50. If V1=50sin (wot+10) and V2=30sin (wt+50) then:  #eee,V1 leads V2,V2 leads V1,V2 lags VI,VI and V2 in phase,b,
# 51. The average time required to reach a storage location in memory and obtain its contents is called the-,seek time,turnaround time,access time (d) transfer time,,c ,
# 52. Which routing protocol does not consume the bandwidth of the network? #networking,A default routing,Dynamic routing,Static routing,None of the above,c ,
# 53. Advantage of JK Flip-flop over SR Flip-flop is: #flip_flop,It is faster than SR,It has no forbidden state,It has no toggle state,All of the above,b ,
# 54. What is the expression for Thevenin's current if there is an external resistance in series with the Ru?  #eee,Vt/Ith,Vth/ (Rth-R),Vt/ (Rth+R),V-/Rs,,
# 55. In priority encoder: #eee #encoder,first bit is considered don't care,higher priority bit is considered don't care,lower priority bit is considered don't care,None,c,
# 56. Which of the following is NOT the components of a microprocessor?,ALU,Register Array,Hard Disk,Control Unit,c,
"# 57. Assume A, B, C and D represent the complements of A, B, C and D, respectively. Now in a 4-variable (ABCD) logic circuit K-map (AB makes Row and CD makes Column) the cell of first row and then the third column will be indicated by: #math",ABCD,ABCD,ABCD,ABCD,c,
# 58. An instruction pipeline can be  implemented by means of: #untagged,LIFO buffer,,Stack,None of the above,b,
# 59. Internet Group Management Protocol (IGMP) protocol. #networking,An error reporting,A group management,A transmission,None of the above.,b ,
# 60. The r.m.s. value of alternating current is given by steady (D.C.) current which when  flowing through a given circuit for a given time produces. #eee,"the more heat than produced by A.C. when flowing through the same circuit,","the same heat as produced by A.C. when flowing through the same circuit,","the less heat than produced by A.C. flowing through the same circuit, (d) None",,b,
 
"# 1. Between a client and a web server, which of the following used for inspecting the data that is sent from the client to the web server and blocking attacks such as SQL injection? #networking",Cluster configuration,Load balancing function,SSL-VPN function,WAF,d ,
# 2. Which one of the following is false with respect to 4G and 5G cellular network?,5G supports faster bandwidth compared to 4G.,Latency in 4G networks is much higher than 5G network.,4G uses a narrow slice of the available spectrum from 600 MHz to 2.5 GHz,There will be data session handoff feature in 5G network which is not available in 4G network,d ,
"# 3. What is the propagation time for a 2.5-kbyte message (an e-mail) if the bandwidth of the network is 1Gbps? Assume that the distance between the sender and the receiver is 12,000 km and that light travels at 2.4 x 108 m/s. #math #networking",50ms,0.020ms,100ms,0.040,b ?  [[Maths#**Solution for Prob -3 & more**| sol and more..]],
# 4. User passwords in Linux are stored as,Direct text data,Encrypted using some sort of hashing function,Encrypted using mono-alphabetic cipher,Encrypted using homophonic substitution cipher,a ,
"# 5. On a class B network, how many hosts are available at each site with subnet mask of 248? #networking","16,382","8,190","4,094","2,046",d ,
# 6. A job which is schedule to run periodically at fixed times or intervals is known as-,Batch Job,Cron job,Shell Script,None of the above,b ,
"# 7. In Oracle DBMS, LGWR",Foreground Process,Background Process blood,High Priority Process,Batch Process,b ,
# 8. The ------ is an HFC network device installed inside the distribution hub that receives data from the internet and passes them to the combiner.,CM,CMTS,DOCSIS,MCNS,b,
# 9. Finding useful pattern from the data in a database is known as-,Data Visualization,Data Mining,Data Analytics,All of the above,b ,
# 10. ------ helps prevent power surges.,Surge suppressor,Surge protector,UPS system,High-grade multi-meter,a ,
# 11. What is the API level of Android version 11?,24,25,31,None of the above.,d,
# 12. .NET can be used in the following-,Development of Desktop Applications on avel to phone?,Development of Micro services and containers,Development of Cloud Applications,All of the above statements are true,d,
# 13. What is the Internal Codename of Android version 8.0?,Red Velvet Cake,Oatmeal Cookie,Snow Cone,Jelly Bean,b ,
# 14. Which of the following statements is false with respect to SSL?,"Secure Sockets Layer (SSL) is a security protocol that provides privacy, authentication, and integrity to Internet communications",SSL evolved into Transport Layer Security (TLS),SSL's final version was SSL 4.0,None of the above statements is false,c ,
"# 15. A circuit has two different voltage sources that are connected in a series-opposing form. If the sources are rated at 6V and 9V, what is the total source voltage?",3 V,16 V,7.5 V,8 V,a,
# 16. What is the typical speed of USB version 3.0?,4.8G bits per second,610 Mbps,6Gbps,Both a and b,d ,
# 17. Java Virtual Machine is-,Acts as a full-fledged hypervisor,Converts bytecodes to Operating System dependent code,Is known as the Compiler of Java programming language,Manages system memory and provides a portable execution environment for Java- bases applications,d ,
"# 18. In which type of circuit switching, delivery of data is delayed because data must be stored and retrieved from RAM.",Space-division,Time-division,Virtual,Packet,b ,
# 19. Which one of the following statements with respect to REST API is false? #untagged,A REST API would use a GET request to retrieve a record,A REST API would use a DELETE request to delete a record,The operations in a REST API can be called from any HTTP client,None of the above statements is false,d,
# 20. What is the maximum data rate of a channel with a bandwidth of 200 KHz if we use four levels of digital signaling? #math #networking [[Maths#**Shanon Nd Nyquist Problems**| more...]],400 Kbps,800 Kbps,1000 Kbps,1200 Kbps,b ,
# 21. SSDs are more durable than HDDs in extreme and harsh environments because,They don't have actuator arms,They use fast electronics Memory,They do not use 0/1 as data storage unit which is prone to crash,All of the above statements are true,a,
# 22. Which one of the following statements is false?,Data mining is considered as a process of extracting data from large data sets,Data warehouse is the process of pooling all the relevant data together.,Data warehouse is created with the data generated by data mining for future use.,None of the above statements is false,c ,
# 23. Which one of the following is a No-SQL Database?,MongoDB,CasperDB,ZBase,All of the above,a ,
"# 24. If the end office receives two bursts of analog signals with frequencies of 697 and 1477 Hz, then the number ----- has been punched. #untagged",1,2,3,4,c,
"# 25. What will be the output of the following SQL ""Select Round (==232==.420, -2) AS Round Value""? #database [[Database#The SQL Problem 25|more..]]",240,200,233,Syntax error,b ,
### **What Does `-2` Mean?**,,,,,,
### **Step-by-Step Calculation**:,,,,,,
# 26. whic is true WRTO. Printer Daemon Process ?,The printer daemon of Operating System runs in kernel mode.,Jobs in the printer daemon queue cannot be removed once inserted. (c) Printer daemon application runs only when it is printing.,,Printer daemon runs as a service in Operating System,d ,
"# 27. When a beam of light travels through media of two different densities, if the angle of incidence is greater than the critical angle ----- occurs.",Refraction,Reflection,Incidence,Criticism,a,
"# 28. In the ---- protocol, the symmetric key is K= G<sup>xy</sup> mod N, where G and N are public numbers.",Needham-Schroeder,Otway-Rees,Diffie-Hellman,Kerberos,c ,
# 29. Which of the following statements is false?,64-bit processor is more capable than a 32-bit processor because it can handle more data at once,A Computer works with Hexa-Decimal number system,A 32-bit system can access 232 memory addresses,None of the above statements is false,c,
# 30. Which one of the following statements is true?,Cache memory is a small amount of memory which is a part of the Random-Access memory,Cache memory is used to temporarily hold instructions and data that the CPU is likely to reuse,Cache Memory is cheaper memory,All of the above statements are true,b,
# 31. Which error detection method involves the use of parity bits? #networking [[Networkings#**Error Detection**|more..]],Simple parity check,Two-dimensional parity check,CRC,a and b,b ,
# 32. A DNS response is classified as if the information comes from a cache memory. #networking,Authoritative,Recursive,Unauthoritative,Iterative,b ,
"# 33. An email contains a textual birthday greeting, a picture of a cake, and a song. The order is not important. What is the Content-type?",Multipart/digest,Multipart/alternative,Multipart/mixed,Multipart/parallel,c ,
# 34. Which one of the following statements is true with respect to a Database Management System? #database [[Database#**Keys Definitions in DBMS**|more.. keys]],Super key and candidate keys are similar,Candidate keys and Unique Keys are similar,Unique Keys and Primary Keys are similar,Candidate keys and Primary keys are similar,c ??? really,
"# 35. ------ is a client-server program that provides and IP address, subnet mask, IP address of a router, and IP address of a name server to a computer. #networking",NAT,DHCP,CIDR,ISP,b ,
# 36. The Average-case Time Complexity of the binary search algorithm is- #cse [[Cse#Search Complexity|more.. other also..]],O(n/2 logn),O(n log n),O(log n),O(1),c ,
# 37. ------ is a standard to allow telephones on the public telephone network to talk to computers connected to the Internet.,SIP,H.323,IEEE 802.3,V.90bis,b,
# 38. An Ethernet LAN using the OSPF protocol with five attached routers can be called a ----- network. #networking [[Networkings#**What is OSPF?**]],Point-to-point,Stub ->,Transient,Virtual,c ,
### **Why Other Options Are Incorrect:**,,,,,,
# 39. The term LPDDR means- #untagged,Low-Power Discrete Data Rate,Low-processing Double Data Rate,Low-Programmable Double Data Rate,None of the above,d,
# 40. What is the maximum data rate in IEEE 802.11n? #networking,300 Mbps,600 Mbps,1 Gbps,832 Mbps,b ,
"# 41. The binary search algorithm is used to search for a given item when items are sorted. If the number of items is 1 million, which of the following is the closest to the maximum number of comparisons required to find the item.",15,20,25,30,b,
# 42. What is the min and max number of tables required to convert an ER diagram with 2 entities and 1 relationship between them with partial participation constraints of both entities? #database [[Database#**Er- Diagram & Number of tables|more..]],Min 1 and max 2,Min 1 and max 3,Min 2 and max 3 [[Database#**Er- Diagram & Number of tables|more..]],Min 2 and max 2,,
# 43. Major function of a transport layer in the OSI model is to perform #networking,Peer to peer message encryption,Node to node message delivery,Transparent transfer of data between end users,None of the above,c ,
"# 44. At any iteration of simplex method, if A; (Z; - C;) corresponding to any non-basic variable X¡ is obtained as zero, the solution under the test is- #untagged",Degenerate solution,Unbounded solution,Alternative solution,Optimal solution,c,
# 45. An IPv6 basic ==header== is fixed as- #cse,32 bits long,40 bytes long,64 bits long,128-bit long,b ,
# 46. Which of the following neural networks uses supervised learning?  #cse,Multilayer perceptron,Self organizing feature map,Hopfield network,a and c,a ,
# 47. Which of the following services uses both TCP and UDP ports? #networking,DNS,TFTP,SSH,TELNET,a ,
# 48. Which of the following Linux command has incorrect syntax? #cse,cat sample.txt | grep -v a | sort - r,chown:group3 File 1,chmoda+rx viewer.sh,None of the above,b,
"# 49. In software development, value adjustment factors include the following among others:  #cse",the criticality of the performance and reusability of the code,number of lines of code in the software.,number of technical manpower and hardware costs,time period available and the level of user friendliness,a ,
"# 50. What is the maximum size of a file allowed in Linux with the following data Block Size = 4KB,  data pointer size = 4 bytes ?",1 TB,Less than 4TB,2TB+2GB+2MB+64KB,More than 4 TB,b,
"# 51. In a two-level memory hierarchy, the access time of the memory is 12 nanoseconds, and the access time of the main memory is 1.5 microseconds. The hit ratio is 0.98. What is the average access time of the two-level memory system?",13.5 nsec,42 nsec,7.56 nsec,76 nsec,,
# 52. A single switch port is considered as-,A separate unicast domain,A separate broadcast domain,A separate multicast domain,A separate collision domain,b,
"# 53. Which UNIX/Linux command is used to make all files and sub-directories in the directory ""progs"" executable by all users?",chmod -R a+x progs,chmod -R 222 progs,chmod -X a+x progs,chmod -X 222 progs,a,
# 54. An Access point operates in which layer of OSI model?,Data link Layer,Presentation layer,Physical layer,Transport layer,a ,
# 55. Which of the following Process scheduling algorithm is highly improbable to be implemented?,FCFS Scheduling,Priority Scheduling,Shortest Job First Scheduling [[OS#**Shortest Job First (SJF) SchedulingHow It Works**|more..]],None of the above,c ,
# 56. Consider the following program fragment in assembly language:,ax=FFF5 h and cx=0h,ax=FFF6 h and cx=0h,ax=FFF7 h and cx=A h,ax=FFF5 h and cx=0A h,b,
# 57. How many core/threads does the Intel Core i7-9700K processor have?,6/12,4/8,8/8,8/16,c,
"# 58. Assuming the existence of a start and end nodes for a program graph (PG), the total cam number of Paths is equivalent to set of test data required to test software.",Minimum,Maximum,Optimum,Supreme,a,
# 59. In which year were chips used inside the computer for the first time?,1964,1974,1975,1981,b,
# 60. Which one of the following is false with respect to cryptography?,A symmetric key system uses only the private key,An asymmetric key system makes use of the both the public key and the private key,"An Asymmetric key system is used as a Public Key Infrastructure, or PKI for shoaten (",,d,
# 61. সামন্তবাদ কোন ইউরোপীয় দেশেপ্রথম সূত্রপাত হয়?,ইতালি,ইংল্যান্ড,ফ্রান্স,রাশিয়া,,
# 62. ধরিত্রী সম্মেলন কোথায় অনুষ্ঠিত হয়?,আফ্রিকার জোহানেসবার্গ,ব্রাজিলের রিওডিজেনিরোতে,ইতালির রোমে,যুক্তরাষ্ট্রের ওয়াশিংটন ডিসিতে,,
# 63. আইওএস (IOS) মোবাইল অপারেটিং সিস্টেমটি কোন প্রতিষ্ঠান বাজারজাত করে?,অ্যাপেল,গুগল,মাইক্রোসফট,আইবিএম,a,
# 64. The product of two positive numbers is p. If each of the numbers is increased by 2. the new product is how much greater than twice the sum of the two original numbers?,p times,2p times,(p+4) times,(2p+3) times,c,
"# 65. A jar contains white, red and green marbles in the ratios` 2:3:5` Six more green marbles are added to the jars, and then the ratio becomes `2:3:7.` How many white marbles are there in the jar?",2,4,6,8,c ,
"# 66. If a, b and c are 3 consecutive integers and a>b>c, which of the following has the maximum value? An",,,,,b,
# 67. One dozen eggs and ten pounds of apples are currently of the same price. If the price of a dozen eggs rises by 10% and that of apples rises by 2% how much more e will it cost to buy a dozen of eggs and ten pounds of apples?,2%,10%,6%,12%,c,
# 68. ‘ব্যক্ত' শব্দের বিপরীতার্থক শব্দ কোনটি?,ত্যক্ত,গ্রাহ্য,দৃঢ়,গূঢ়,,
# 69. মুক্তিযুদ্ধের পটভূমিতে রচিত কাব্যগ্রন্থ কোনটি?,নেকড়ে অরণ্য,বন্দী শিবির থেকে,নিষিদ্ধ লোবান,প্রিয়যোদ্ধা প্রিয়তম,b,
# 70. কাজী নজরুল ইসলামের 'অগ্নি-বীণা' কাব্যের প্রথম কবিতা কোনটি ?,আগমনী,কোরবানী,প্রলয়োল্লাস,বিদ্রোহী,c,
# 71. কোনটি রবীন্দ্রনাথ ঠাকুরের কাব্যগ্রন্থ?,শেষ লেখা,শেষ প্রশ্ন,শেষ কথা,শেষ দিন,a,
# 72. মুনীর চৌধুরীর মুখরা রমনী বশীকরণ' একটি-,উপন্যাস,ছোটগল্প,প্রবন্ধ,অনুবাদ নাটক,d,
# 73. ‘বন্ধন' শব্দের সঠিক অক্ষর বিন্যাস কোনটি?,ব+নন্ধ+ন্,বন্+ধন্,ব+ন্ধ+ন,বান্+ধন্,b,
# 74. বহুব্রীহি সমাসবদ্ধ পদ কোনটি?,জনশ্ৰুতি,অনমনীয়,খাসমহল,তপোবন :,b,
# 75. 'বিষাদ সিন্ধু' একটি-,গবেষণা গ্রন্থ,ধর্মবিষয়ক প্রবন্ধ,ইতিহাস আশ্রয়ী উপন্যাস,আত্মজীবনীপ,c,
# 76. বাংলা কথ্য ভাষার আদি গ্রন্থ কোনটি?,প্রভু যিশুর বানী,কৃপার শাস্ত্রের অর্থভেদ,ফুলমণি ও করুণার বিবরণ,মিশনারি জীবন,b,
# 77. উপসর্গ কোনটি?,অতি,থেকে,চেয়ে,দ্বারা,a,
# 78. The warning of the authority falls on deaf ears. Here warning does the function of -,adverb,adjective,verb,noun,d,
"# 79. “A rolling stone gathers no moss"" The complex form of the sentence is-gad","Since a stone is rolling, it gathers no moss","Though a stone roll, it gathers no moss.",A stone what rolls gathers no moss.,A stone that rolls gathers no moss.,d,
"# 80. Choose the pair of words that expresses a relationship similar to that of ""Harm:Damage""=",Sweet : Sour,Injure: Incapacitate,Stout:Weak,Hook:Crook,b,
"# 81. Which word is the determiner in the sentence ""Will it take much time?"" (==seen in live mcq==)",Will,take,much,time,c,
# 82. Which is the correct sentence?,He insisted on seeing her,He insisted for seeing her,He insisted in seeing her,He insisted to be seeing herd of deno ali Ans: a,,
"# 83. If a part of a speech or writing breaks the theme, it is called-",pomposity,digression,exaggeration,anti-climax,b,
# 84. There are n students in a school. If r % among the students are 12 years or younger en which of the following expressions represents the number of students who are olde than 12?,n(1-r),100(1-r),n(1-r)/100,n(100-r)/100,  c,
"# 85. Length of a train is 170 meters and speed of train is 63 km / hour. This train can pas a bridge in 30 seconds, then find the length of the bridge.",355 m,325 m,365 m,312 m,,
"# 86. A wholesaler sells goods to a retailer at a profit of 20% . The retailer sells to the customer, who pays 80% more than the cost of the wholesaler. What is the retailer profit?",40%,50%,60%,70%,,
# 87. If x<x< x then the value of x could be,0,1,,√3,1,
# 88. The hypotenuse of a right triangle is 2 centimeters more than the longer side of th triangle. The shorter side of the triangle is 7 centimeters less than the longer side Find the length of the hypotenuse.,13,15,17,19,•,
"# 89. Equal amounts of water were poured into two empty jars of different capacities which made one jar » full and the other jar 1/3 full. If the water in the jar with th lesser capacity is then poured into the jar with the greater capacity, what fraction the larger jar will be filled with water?",1/3,1/4,1/3,1/2,,
# 90. গণপ্রজাতন্ত্রী বাংলাদেশের সংবিধান প্রবর্তিত হয়-,১৭ এপ্রিল ১৯৭১,১৬ ডিসেম্বর ১৯৭২,৭ মার্চ ১৯৭২,২৬ মার্চ ১৯৭৩,,
# 91. বঙ্গবন্ধু আগরতলা ষড়যন্ত্র মামলায় মোট আসামি সংখ্যা ছিল কতজন?,৩৪ জন,৩৫ জন,৩৬ জন,৩২ জন,,
# 92. আইন প্রণয়নের ক্ষমতা-,A gerund,রাষ্ট্রপতির,১৯৯৯,জাতীয় সংসদের,d,
# 93. পার্বত্য চট্টগ্রাম শান্তিচুক্তি কত সালে স্বাক্ষরিত হয়?,,,,,,
# 94. বাংলাদেশের প্রথম স্বাধীন নবাব কে?,,,,,,
# 95. বায়ুমন্ডলের যে স্তরে বেতার তরঙ্গ প্রতিফলিত হয়-,স্ট্রাটোস্ফিয়ার,ট্রপোস্ফিয়ার,,,,
# 96. ‘কালাপানি' কোন দুই রাষ্ট্রের মধ্যে অমীমাংসিত ভূখন্ড ?,ভারত ও নেপাল,পাকিস্তান ও চীন,ভূটান ও ভারত,বাংলাদেশ ও ভারত,,
"# 97. Education is enlightening. Here ‘enlightening"" is:",,,,,,
# 98. The comparison of unlike things using the words like on as is known to be,metaphor,A participle (c) An infinitive,আয়োনোস্ফিয়ার (d) ওজোনস্তর,A finite verb, ,
"# 99. In English grammar,",Morphology (b) Etymology,simile,Syntax,Semantics tbl Ans: c,b ,
# 100. Give the antonym of the word 'transitory'.,temporary,permanent (c) transparent (d) short-lived,,,b,
Sonali and Janata Bank - Assistant Database Administrator,,,,,,
# 1. A database can be hacked by- #database,,,,,d ,
# 2. Which of the following is not a DDL command? #database,,,,,d [[Database#**SQL Command Categories**|more.. table]],
# 3. Business Intelligence (BI) reporting analyses can be performed using #database,,,,,a,
"# 4. The SQL statement SELECT ROUND (45.926, -1) FROM DUAL;  #database [[Database#The SQL Problem 25|more..]] || [[#25. What will be the output of the following SQL ""Select Round (2==32==.420, -2) AS Round Value""? database Database The SQL Problem 25 more..|same]]",,,,,d ,
# 5. Assume that you want to improve database performance and willing to see the amount of swap space. Which command you can use in LINUX OS environment? #database [[Database#**Explanation of Each Option of prob 5 **| explant..]],,,,,c,
"# 6. In oracle to change the DB_Block_size parameter, you need to-  #database",,,,,b,
# 7. Which of the following controls the execution of application program and UI in two tier client/server architecture?,,,,,d ,
# 8. Which one of the following is a failure to a system?,,,,,d ?? why C,
# 9. Referential integrity in a DBMS is a form of- #database,,,,,c ,
# 10. How can your rollback a committed transaction in any DBMS? #database,,,,,d,
# 11. LGWR process writes information into- #database,,,,,c ,
"# 12. In a schema with attributes A, B, C, D and F following set of functional dependencies ==(FDs)== ar are given A => B, A=>C, CD=> E, B=>D, E=>A. Which of the following functional dependencies is not implied by the above set? #database/functionl_depnd ||  [[Database#**Explanation of Functional Dependency (FD) with Examples**|more.]] ||  [[Database#**Real Example**|see solve..]]",,,,,b,
"# 13. Let E1 and E2 be two entities in an E/R diagram with simple single-valued attributes. R1 and R2 are two relationships between E1 and E2, where R1 is one-to- many and R2 is many-to-many. R1 and R2 do not have any attributes of their own. What is the minimum number of tables required to represent this situation in the relational model? #database  [[Database#**Explanation of Functional Dependency (FD) with Examples**|more..]]",,,,,b ,
# 14. Which of the following is an appropriate category of system maintenance performed for the purpose of modifying the system to cope with changes in the software environment?,,,,,c ,
# 15. What are the different events in Triggers?  #database [[Database#**SQL Command Categories**|more..]],,,,,a ,
# 17. The packaged procedure that makes data in form permanent in the Database is- #database,,,,,c,
"# 18. When three or more AND & OR conditions are combined, it is easier to use the SQL keyword(s): #database",,,,,d,
# 19. How to select all data from student table starting the name from letter 'r'?  #database,,,,,a,
# 20. Needing to assess the validity of assumed referential integrity constraints on foreign keys is a(n) ------ advantage  of normalization.  #database/referntial_constr,,,either an advantage or disadvantage,,d,
# 21. Data integrity problems in a DBMS is caused due to- #database,,,,,b,
"# 22. A collection of conceptual tools for describing data, data relationships, data semantics, and consistency constraints, is known as-",,,,,d,
# 23. The fastest read/write time and most efficient data storage of any disk array type is: #database [[Database#RAID|more. on raid]],,,,,a,
# 24. Which of the following is an appropriate description of the mapping between the relational model and relational database as its implementations? #database,,,,,b,
# 25. How can you generate debugging output from PL/SQL? #database,,,,,b ,
# 26. What is GET_BLOCK property? #database,,,,,d ,
# 27. Which of these is not a common reason businesses choose to go with a data center colocation service for disaster recovery instead of building a new data center?,,,,,c,
# 28. Which of the following are the five built-in functions provided by SQL? #database,,,,,a,
# 29. Which of the following is a technique for hiding the internal implementation details of an object? #cse,,,,,a ,
# 30. Embedded SQL is which of the following? #database,,,,,a ,
# 31. ROLLBACK command is used to undo the changes made by- #database [[Database#**SQL Command Categories**|more...]],,,,,d ,
# 32. In a comparatively small organization if you want data forwarding among departments based on IP address which one of the following will be a better bet for networking?,,,,,d,
# 33. A star schema has what type of relationship between a dimension and fact table?  #database ||  [[Database#Star Schema|more..]],,,,,c ,
# 34. What does this query do?  #database,,,,,c,
# 35. What is invoked via HTTP on the ==Web server== computer when it responds to requests from a user's Web browser? #untagged,,,,,c ,
# 36. How does RAID provide data protection? #database [[Database#RAID|more..]] || [[Database#**36. Explanation of RAID **|for this ques..]],,,,,a,
# 37. A DNS client is called a  #networking,,,,,b ,
# 38. Which of the following is correct for the Create index command? #star/4,,,,,d ,
# 39. Third normal form is based on the concept of #database #star/5 [[Database#Normalization|more...]] || [[Database#**Normalization of `MusicFestivalManagement` Table** -an elaborate example|example.]],,,,,d ,
# 40. Which one of the following is true for a tuple in a database? #database,,,,,c,
# 41. Which of the following is not a nonvolatile storage device? #untagged,,,,,c ,
"# 42. In an asymmetric key encryption process, the key used to encrypt the data is known as a-  #network_sec",,,,,c ,
# 43. Why is set transaction used in an oracle DBMS?  #database,,,,,d ,
## Why Other Options Are Incorrect**,,,,,,
# 44. Which is the oracle component that contains the memory structures and background process? #database,,,,,c,
# 45. The three different application logic components are which of the following?,,,,,c,
# 46. Which of the following is not a factor in determining the concurrency control behavior of SQL Server?,,,,,a,
"# 47. In a DBMS, when multiple transaction programs update the same database simultaneously, which of the following is a technology that is used to prevent logical began contradictions?",,,,,b or a,
##  **Note:  Why Other Options Are Incorrect**,,,,,,
# 48. The Application program interface in a two-tier architecture DBMS is provided by- #database/4,,,,,c,
# 49. Which of the below is responsible for controlling the interaction among,,,,,b ,
# 50. Of the functions provided by a DBMS. Which of the following is a means for achieving protection for data ==confidentiality==?,,,,,c,
# 51. In strict two phase locking protocol- #database [[Database#2. **Strict Two-Phase Locking**|more..]],,,,,a,
"# 52. The maximum number of super keys for the relation schema R (E, F, G, H) with E as the key is- #database || [[Database#**Keys Definitions in DBMS**|key defs.]]",,,,,d ,
# 53. Oracle materialized views or SNAPSHOTS is used-,,,,,b,
# 54. A distributed database has which of the following advantages over a centralized database?,,,,,d,
# 55. Which is not the UTL FILE function-,,,,,b,
# 56. Database index speeds up- #database/3,,,,,d ,
# 57. Which of the following index is automatically created by the database server when an object is created? #database/3,,,,,a ,
# 58. 'We are waiting `for the bus` 'The underlined part is ------  #english,,,,,c (its c biat !!!!),
# 59. Fill in the blank with correct preposition. He is devoid ------- Commonsense.,,,,,a,
"# 60. Complete the following sentence 'Had I known you were waiting outside, I -------- #english",,,,,,
# 61. Choose the appropriate meaning of the idiom `'swan song'`   #english,,,,,b,
"# 62. What is the meaning of ""White Elephant""? #english",,,,,d,
# 63. A floor with dimension of 20 feet to 35 feet is needed to be tiled. Two workers can tile that floor in `2 hours and 30 minutes`. If they are joined by three other workers of similar ability. How many hours will it take to tile the floor?   #math/5  [[Time and Work#63. A floor with dimension of 20 feet to 35 feet is needed to be tiled. Two workers can tile that floor in `2 hours and 30 minutes`. If they are joined by three other workers of similar ability. How many hours will it take to tile the floor?|see... worker x hr..]],,,,,,
# 64. A train went 300 km from city X to city Y at an average speed of 100 km/h. At what speed did it travel on the way back if its average speed for the whole trip was 120 km/h.,,,,,d  [[Problems on train#64. A train went 300 km from city X to city Y at an average speed of 100 km/h. At what speed did it travel on the way back if its average speed for the whole trip was 120 km/h.|explain..]],
"# 65. A lamp is manufactured to sell for $35.00, which yields a profit of 25% of cost. If the profit is to be reduced to 15% of cost, what will be the new retail price of the lamp?",,,,,d,
"# 66. A leading library charges `c` cents for the first week that a book is loaned and f cents for each day over one week. What is the cost for taking out a book for days, where d is greater than 7?",,,,,a,
"# 67. A boat sailing against a stream of river takes 6 hours to travel 24 kms, while sailing with the stream it takes 4 hours to travel the same distance. What is the speed of the stream?",,,,,c,
# 68. Which one of the following words is masculine?,,,,,b,
# 69. Love for the whole world is called -------,,,,,a,
# 70. Who did write first English dictionary?,,,,,,
# 71. Choose the correct spelling-,,,,,C,
# 72. Misanthropist means-,,,,,c,
"# 73. A manufacturer sells three products i.e. A, B and C Product A costs 200 and sells for 250. Product B costs 150 and sells for 180, product C costs 1000 and sells for 110. diten On which product, he has maximum percentage of profit?",,,,,d,
"# 74. Three boys have marbles in the ration of 19:5:3. If the boy with the least number has 9 marbles, how many marbles does the boy with the highest number have?",,,,,,
"# 75. In a Group of 15, 7 can speak Spanish, 8 can speak French and 3 can speak neither, What fraction of the group can speak both French and Spanish?",,,,,a ,
"# 76. In distributing milk at a summer camp, it is found that a quart of milk will fill wither 3 large large glass tumblers or 5 small glass tumblers. How many small glass tumblers can be filled with one large glass tumbler?",,,,,,
# 77. The triangular base of a prism is a right triangle of sides a and b =2a. The height h of the prism is equal to 10mm and its volume is equal to 40mm 3. What will be the lengths of the sides a and b of the triangle?,,,,,,
# 78. তুমি আসবে বলে হে স্বাধীনতা সখিনা বিবি কপাল ভাঙ্গল। এটি কোন বাচ্য? #bangla,,,,,,
# 79. সমাসবদ্ধ শব্দ আনত কোন সমাসের উদাহরণ?,,,,,,
# 80. বৈষ্ণব পদাবলির সঙ্গে কোন তথ্য সম্পর্কিত?,,,,,,
# 81. সহচর্য শব্দের শুদ্ধ গঠন কোনটি?,,,,,c,
# 82. চৌ-হন্দি শব্দটি কোন কোন ভাষার শব্দ মিলে হয়েছে? #bangla,,,,,c,
# 83. বাংলাদেশে প্রথম জাতীয় সংসদের নির্বচন কখন হয়? #GK/5,,,,,c,
# 84. টেস্ট ক্রিকেটে বাংলাদেশের পক্ষে কে প্রথম ডাবল সেঞ্চুরি করেন? #GK,,,,,a,
# 85. স্টিফেন হকিং একজন- #GK,,,,,,
# 86. চীনের জিনজিয়াং প্রদেশে বসবাসকারী প্রধান মুসলিম সম্প্রদায়ের নাম কি? #GK,,,,,,
# 87. EDSAC কাপিউটার এ ডাটা সংরক্ষণের জন্য কি ধরণের মেমরি ব্যবহার হত? #cse,,,,,c,
# 88. শিব রাত্রির সলতে- বাগধারটির অর্থ কী? #bangla,,,,,,
# 89. ‘কোন পান্থ ক্ষান্ত হও হেরি দীর্ঘ পথ'- কার লেখা? #bangla/5,,,,,a,
# 90. বাংলা গদ্যের জনক কে? #bangla,,,,,b,
# 91. বাংলা ভাষার আদি নিদর্শন চর্যাপদ আবিষ্কৃত হয় কত সালে? #bangla,,,,,a,
# 92. বাংলা কথ্য ভাষার আদি গ্রন্থ কোনটি ? #bangla,,,,,b,
# 93. কত সালে আওয়ামী লীগের ৬দফা পেশ করা হয়েছিল? #GK,,,,,a,
# 94. নির্বাহী বিভাগ থেকে বিচার বিভাগ পৃথক করার বিষয়টি সংবিধানের কোন অনুচ্ছেদ উল্লেখ রয়েছে?  #GK,,,,,d,
# 95. ১৯৫৪ সালে পূর্ব পাকিস্তান প্রাদেশিক পরিষদ নির্বাচনে যুক্তফ্রন্টের কি প্রতীক ছিল?,,,,,b,
# 96. সলোমন দ্বীপপুঞ্জ কোন মহাসাগরে অবস্থিত ?,,,,,b,
# 97. বিশ্বব্যাংক সংশ্লিষ্ট কোন সংস্থাটি স্বল্প আয়ের উন্নয়নশীল দেশে বেসরকারি খাতে আর্থিক সহায়তা ও উপদেশ দিয়ে থাকে?,,,,,c,
National Security Intelligence (NSI) - Assistant Programmer Exam,,,,,,
# 1. ‘ক্ষুৎপিপাসা' শব্দের সন্ধি বিচ্ছেদ কী?,,,,,b,
# 2. সঠিক সন্ধি বিচ্ছেদ কোনটি?,,,,,c,
# 3. ‘কানে-কলম' কোন সমাসের উদাহরণ?,,,,,d,
# 4. “চৌরাস্তা কোন সমাসের উদাহরণ?,,,,,,
# 5. কারক ও বিভক্তি নির্ণয় করুন: কাননে কুসুমকলি সকলি ফুটিল।,,,,,,
# 6. “প্রিয়জনে যাহা দিতে চাই তাই দিই দেবতারে'। কারক ও বিভক্তি নির্ণয় করুন।,,,,,,
# 7. এক কথায় প্রকাশ করুন: অক্ষির অভিমুখে—,,,,,a,
# 8. কোন শব্দগুচ্ছের বানান শুদ্ধ?,,,,,,
# 9. বিদেশাগত বাংলা শব্দের ভিন্ন জাতীয় শব্দগুচ্ছ কোনটি?,,,,,d,
# 10. নিচের কোন বাগধারাটি ব্যতিক্রম?,,,,,,
# 11. ‘তীক্ষ্ণ' শব্দের যুক্তব্যঞ্জনের সঠিক বিশ্লেষণ কোনটি ?,,,,,,
# 12. ‘Graphic এর বাংলা পরিভাষা কী? -,,,,,,
# 13. কোনটি মৌলিক শব্দ?,,,,,a ,
# 14. বিপীতার্থক শব্দের ক্ষেত্রে নিচের কোনটি,,,,,,
# 15. “Every man is for himself”,,,,,,
"# 16. “যে পরিশ্রম করে, সে-ই সুখলাভ করে” । কোন ধরনের বাক্য?",,,,,,
# 17. ‘শোকার্ত তরবারী' কাব্যগ্রন্থের রচয়িতা কে?,,,,,,
# 18. মহাকাব্যিক উপন্যাস নয় কোনটি?,,,,,,
# 19. 'বিমলা-কুমুদিনী' কোন দুটি উপন্যাসের কেন্দ্রীয় চরিত্র?,,,,,a,
# 20. মোহাম্মদ নাসিরউদ্দিন কোন পত্রিকা সম্পাদনা করেছিলেন?,,,,,c,
# 21.,,,,,,
# 23. Are you sure that you,,,,,b ,
# 24. I have enrolled of,,,,,,
"# 25. What is the antonym of ""Segregate""?",,,,,,
# 26. The Children were too flabbergasted,,,,,,
"# 27. Good morning,",,,,,c ,
# 28. There was somebody waling behind us. I thought we,,,,,,
# 29. You have been working since morning adora. do you have,,,,,b,
"# 30. Which of the following has the similar sound of the word ""won""?",,,,,,
# 31. Choose the correct sentence.,,,,,,
# 32. Choose the correct sentence.,,,,,,
"# 33. What is the noun form the word ""defer""? a. defer b. deferment c. deference 34. What is the verb form of the word ""Acquisition”?",,,,,b,
"# 35. What is the synonym of the word ""Erudite""?40%d",,,,,a,
"# 36. Choose the correct translation of the sentence- ""You should fight shy of an evil company"".",,,,,d,
# 37. Choose the correct spelling.,,,,,,
# 38. I am feeling under the water. What does the underlined phrase mean?,,,,,,
# 39. I would have made sure Rana was here,,,,,,
# 40. Choose the correct sentence.,,,,,c,
"# 41. It takes 5 hours to fill a container using machine A. The same container can be filled using Machin B in 10 hours. When the container is full, Machine C can fully empty the container in 20 containers how long will it take for the container to be completely filled if a ,b c  were opened togather? #math/5",,,,,b,
# 42. Two trucks 300 km away are travelling towards each other with a constant speed. Truck A is moving at a constant speed of 50 km/h. How long does it take for them to meet? #incomplete,,,,,c,
"# 43. If 12 men work on a particular task. it takes them 24 days to complete it. On the other hand, 12 women can complete the same task in 12 days. How many days it takes if the 12 men and 12 women cooperated with each other to finish to finish the same task? #math",,,,,c,
"# 44. Ahmed sold a t-shirt for TK. 810, and gain 8%. How much did he purchase it for?",,,,,a,
# 45. A restaurant makes 20% profit after selling a set menu at a discount of 20%. What Plex is the percentage increase of marked price?,,,,,,
"# 46. If a2 - b2 = 20, a+b= 5, What is the value of a-b?",,,,,,
"# 47. x+y=535, x+4y=4, what is the value of 4x2 + 20xy + 16y2?",,,,,d,
# 48. You are looking at a billboard 40m away with an angle of elevation of 30°. At what height is the billboard?,,,,,a,
# 49. What is the probability of getting a sum of six if two dices are thrown at one?,,,,,a,
"# 50. A ladder against a wall that tis perpendicular to the ground. If the bottom of the ladder is 4m away from the bottom of the wall, while the tip of the ladders is at a benz height of 3m, what is the length of the ladder?",,,,,c,
"# 51. In a room of 36 people, 20 players play chess while 28 players play poker. dat many players pay both?",,,,,,
# 52. A fair six-sided die is rolled. Find the probability of getting an odd number or a number less than 4.,,,,,a,
# 53. How many positive integers less than ten thousand are multiples of both eight and eighteen?,,,,,c,
"# 54. The H.S.F and L.C.M of two number are 12 and 288 respectively. If one of the 2 ten/numbers is 96, find the other.",,,,,b,
"# 55. The ratio of male students to female students in a class is 13 to 19. If there are 224 people in the class, including one teacher, one administrator, and thirty evaluators, how many people in the class are male students? 13+ 192=224=(1+1+30)",,,,,a,
# 56. 5 years ago the ration of father's age to son's age was 5:1 and 2 years later father's age will be 3 times his son's age. What is the ration of their present age?,,,,,,
"# 57 What is the value of a, if 3x2 + ax + a + 3 is divisible by x+2?",,,,,d,
# 58. A train 220 m long is moving at 45km/h. The time taken by the train to cross a,,,,,,
# 59. Who was the first English translator of Bangladesh National Anthem,,,,,,
# 60. The factors of $4x^4$ + 1 is,,,,,d,
"# 61. A vegetable cart sells a potato for $0.24 and a tomato for $0.76. Fred bought 12 vegetables in total. He only bought potatoes and tomatoes. If Fred paid $ 6.52 total, how many potatoes did he buy?",,,,,,
# 62. Who is the new secretary General of BIMSTEC?,,,,,c,
# 63. Who is the writer of the book named A Promise Land?,,,,,d,
# 64. According to the 'Sustainable Development goals (SFG) Index 2020' Bangladesh has been ranked,,,,,b,
# 65. In the keyboard of a computer processing F8 Key for three times selects?,,,,,,
# 66. Which was the world's first electronic computer?,,,,,1st ,
